Domain,"Example Url","Domain Authority Score",Rating,Source,"URL Type",Comment
yelp.com,https://www.yelp.com/biz/advanced-orthopedic-center-punta-gorda,100,5,keywords,general,
vagaro.com,https://www.vagaro.com/roseesthetics2,63,5,keywords,general,
tripadvisor.com,https://www.tripadvisor.com/ShowForum-g34583-i1430-Punta_Gorda_Florida.html,100,4,keywords,general,
cosmeticskinclinic.com,https://www.cosmeticskinclinic.com/blog/morpheus8-pre-treatment-aftercare-all-you-need-to-know/,40,4,keywords,blog,
winknews.com,https://www.winknews.com/news/crime/punta-gorda-gas-station-shooting-suspect-caught-in-levy-county/article_6436f2ec-782a-46d9-b47a-35ab3d2b48cb.html,56,4,keywords,news,
wcosmeticsurgery.com,https://wcosmeticsurgery.com/blog/types-of-lip-filler/,36,4,keywords,blog,
healthgrades.com,https://www.healthgrades.com/find-a-doctor/florida/best-doctors-who-perform-steroid-injection-in-punta-gorda,75,4,keywords,general,
cosmopolitan.com,https://www.cosmopolitan.com/uk/beauty-hair/a46868568/morpheus8-review/,82,4,keywords,review,
gulfcoastnewsnow.com,https://www.gulfcoastnewsnow.com/article/charlotte-county-sheriffs-office-investigating-death-early-sunday/62318484,53,4,keywords,general,
my.clevelandclinic.org,https://my.clevelandclinic.org/health/treatments/23113-microneedling,100,4,keywords,general,
forum.purseblog.com,https://forum.purseblog.com/threads/microneedling.1007774/,44,4,keywords,forum,
plasticsurgery.org,https://www.plasticsurgery.org/news/blog/what-you-need-to-know-about-botox,63,4,keywords,blog,
monroenews.com,https://www.monroenews.com/story/news/2025/05/21/emerson-bergmooser-opens-emerson-rose-esthetics-in-monroe-michigan/83742196007/,43,4,keywords,news,
fda.gov,https://www.fda.gov/medical-devices/safety-communications/potential-risks-certain-uses-radiofrequency-rf-microneedling-fda-safety-communication,86,4,keywords,general,
klinic.com,https://klinic.com/medical-weight-loss/florida/punta-gorda,32,4,keywords,general,
acne.org,https://www.acne.org/forums/79-hyperpigmentation-reddark-marks/388519-my-traumatic-experience-with-microneedling-side-effects,38,4,keywords,forum,
community.realself.com,https://community.realself.com/forum/14-knew-before-botox,62,4,keywords,forum,
realself.com,https://www.realself.com/find/Florida/Punta-Gorda/PRP-Injections,62,4,keywords,general,
shutterstock.com,https://www.shutterstock.com/search/roses-facial-treatment,100,4,keywords,general,
square.site,https://square.site/book/LXWSQ1X2QX9H3/rose-esthetics-llc-castle-rock-co,77,4,keywords,general,
philevents.org,https://philevents.org/event/show/472,34,4,keywords,general,
sweetspotmedispa.com,https://www.sweetspotmedispa.com/wellness-weight-loss/,18,4,keywords,general,
pmc.ncbi.nlm.nih.gov,https://pmc.ncbi.nlm.nih.gov/articles/PMC11499218/,100,4,keywords,general,
botoxcosmetic.com,https://www.botoxcosmetic.com/,41,4,keywords,general,
nuvivaweightloss.com,https://www.nuvivaweightloss.com/medical-weight-loss/weight-loss-clinic-in-punta-gorda,29,4,keywords,general,
groupon.com,https://www.groupon.com/local/fort-myers-fl/forum/weight-loss,78,4,keywords,forum,
brynmawrdermatology.com,https://www.brynmawrdermatology.com/morpheus8-benefits-for-skin-tightening/,34,4,keywords,general,
allure.com,https://www.allure.com/story/i-got-a-rose-facial-with-real-wine,79,4,keywords,news,
actionnews5.com,https://www.actionnews5.com/story/30146094/former-tiger-derrick-rose-to-have-facial-surgery-wednesday/,55,3,keywords,news,
healthline.com,https://www.healthline.com/health/microneedling,100,3,keywords,general,
essentialdayspa.com,https://www.essentialdayspa.com/forum/viewthread.php?tid=1546,34,3,keywords,forum,
drfloralevin.com,https://www.drfloralevin.com/blog/botox-wrinkles-mind-soul/,31,3,keywords,blog,
skinspirit.com,https://www.skinspirit.com/treatments/micro-needling,44,3,keywords,general,
consultingroom.com,https://www.consultingroom.com/treatment/chemical-peels/questions/skin-damage-after-morpheus8/,33,3,keywords,general,
academic.oup.com,https://academic.oup.com/asjopenforum/article/doi/10.1093/asjof/ojae060/7730364,76,3,keywords,general,
blog.skinpen.com,https://blog.skinpen.com/,36,3,keywords,blog,
the-independent.com,https://www.the-independent.com/topic/botox,63,3,keywords,general,
dermapen.com,https://dermapen.com/blogs/blog,31,3,keywords,blog,
anewyou.com,https://anewyou.com/forum/,25,3,keywords,forum,
apnews.com,https://apnews.com/article/counterfeit-botox-fda-warning-letter-cosmetic-drugs-67afcdc72e100204181c20aacec39d89,89,3,keywords,general,
roseinc.com,https://www.roseinc.com/collections/skin,37,3,keywords,general,
precisionskininstitute.com,https://precisionskininstitute.com/get-rid-of-dark-circles-under-eyes-davie-fl/,28,3,keywords,general,
drberman.com,https://www.drberman.com/medical-spa/lasers/dark-circle-treatments/,24,3,keywords,general,
illinoislocal.org,https://www.illinoislocal.org/news/rose-aesthetics-amp-wellness-clinic-celebrates-three-years-in-business,19,3,keywords,news,
cdc.gov,https://www.cdc.gov/botulism/outbreaks/harmful-reactions-botox-injections/index.html,98,3,keywords,general,
nypost.com,https://nypost.com/2022/10/24/rose-beauty-skin-care-and-fragrances-are-having-a-moment/,83,3,keywords,general,
drryanstanton.com,https://www.drryanstanton.com/morpheus8-top-7-questions-answered/,27,3,keywords,general,
rheumatologyadvisor.com,https://www.rheumatologyadvisor.com/news/fda-issues-safety-alert-for-radiofrequency-microneedling/,46,3,keywords,news,
cvs.com,https://www.cvs.com/minuteclinic/clinic-locator/fl/punta-gorda/406.html,91,3,keywords,general,
glamour.com,https://www.glamour.com/story/lip-injections-cost-before-after,71,3,keywords,news,
cornerstonedermatology.com,https://www.cornerstonedermatology.com/blog/microneedling,32,3,keywords,blog,
lcca.com,https://lcca.com/locations/fl/punta-gorda/blog/COVID-19-vaccine-arrives-at-first-Life-Care-facility,47,3,keywords,blog,
skinsecrets.com,https://skinsecrets.com/punta-gorda/,17,3,keywords,general,
botox.com,https://www.botox.com/,40,3,keywords,general,
dermapenworld.com,https://www.dermapenworld.com/en-us/blog/microneedling-before-and-after-results-the-things-to-expect-after-your-first-dermapen-treatment,38,3,keywords,blog,
aestha.co.uk,https://aestha.co.uk/secret-pro-rf-vs-morpheus-8/,32,3,keywords,general,
paleomg.com,https://paleomg.com/my-experience-w-microneedling-why-im-obsessed/,36,3,keywords,general,
newbeauty.com,https://www.newbeauty.com/view/rose-byrne-beauty-essentials,50,3,keywords,general,
theivdoc.com,https://www.theivdoc.com/mobile-iv-therapy-punta-gorda-fl,34,3,keywords,general,
thelashlounge.com,https://www.thelashlounge.com/fl-pembroke-pines-pines-and-flamingo/blog/beauty-hacks-for-eye-bags-and-dark-circles/,46,3,keywords,blog,
sdbotox.com,https://sdbotox.com/blog/,32,3,keywords,blog,
sjuhawknews.com,https://sjuhawknews.com/36365/features/lip-fillers-social-media-trends/,32,3,keywords,general,
forum.looksmaxxing.com,https://forum.looksmaxxing.com/threads/have-any-of-you-guys-gotten-lip-filler.143786/,33,3,keywords,forum,
drhegedosh.com,https://drhegedosh.com/blog/anti-aging/eye-filler-treatments-in-boca-raton-fl,17,3,keywords,blog,
roseestheticstn.glossgenius.com,https://roseestheticstn.glossgenius.com/,61,3,keywords,general,
yoursun.com,https://www.yoursun.com/,37,3,keywords,general,
precisionmds.com,https://precisionmds.com/dark-eye-circles-treatment/,11,3,keywords,general,
mayoclinic.org,https://www.mayoclinic.org/tests-procedures/botox/about/pac-20384658,100,3,keywords,general,
instyle.com,https://www.instyle.com/plastic-surgery-injectable-trends-2025-11687686,77,3,keywords,general,
janeiredale.com,https://janeiredale.com/blogs/makeup-blog/rose-flower-skincare-benefits,43,3,keywords,blog,
drcosta.com,https://drcosta.com/procedures/medspa/juvederm-las-vegas-nv/,32,3,keywords,general,
ci.punta-gorda.fl.us,https://www.ci.punta-gorda.fl.us/government/communications/news-list,39,3,keywords,general,
82e.com,https://82e.com/blogs/journal/skin-benefits-of-rose,37,3,keywords,blog,
ncbi.nlm.nih.gov,https://www.ncbi.nlm.nih.gov/books/NBK459344/,100,3,keywords,general,
vogue.com,https://www.vogue.com/article/rose-water-benefits,81,3,keywords,general,
saveface.co.uk,https://www.saveface.co.uk/en/blog/post/the-times-women-regret-botched-lip-fillers-at-home,36,3,keywords,blog,
asds.net,https://www.asds.net/skin-experts/skin-treatments/microneedling,48,3,keywords,general,
british-aesthetics.org,https://british-aesthetics.org/white-rose-aesthetic-forum-june-5th/,21,3,keywords,general,
elle.com,https://www.elle.com/beauty/makeup-skin-care/a12773502/microneedling-faq-facts-cost/,84,3,keywords,general,
fresh.com,https://www.fresh.com/us/skincare/collections/rose,50,3,keywords,general,
pubmed.ncbi.nlm.nih.gov,https://pubmed.ncbi.nlm.nih.gov/39233774/,100,3,keywords,general,
bbc.com,https://www.bbc.com/news/articles/cn82z3grpd3o,100,3,keywords,news,
tiktok.com,https://www.tiktok.com/@roses.esthetics,100,3,keywords,general,
roseestheticsca.com,https://roseestheticsca.com/about/,7,3,keywords,general,
today.com,https://www.today.com/style/13-rose-infused-skin-care-products-sweeten-your-summer-t98281,83,3,keywords,general,
4everyoungantiaging.com,https://4everyoungantiaging.com/anti-aging-tips/microneedling-before-and-after-what-results-can-you-expect/,39,3,keywords,general,
americanmedspa.org,https://www.americanmedspa.org/news/fda-issues-rf-microneedling-safety-alert-what-it-means-for-medical-spa-professionals/,38,3,keywords,news,
newradiancenow.com,https://newradiancenow.com/new-radiance-eye-rejuvenation/,19,3,keywords,general,
brownhealth.org,https://www.brownhealth.org/be-well/botox-cosmetic-versus-medical-uses,63,3,keywords,general,
byrdie.com,https://www.byrdie.com/microneedling-side-effects,76,3,keywords,general,
foxnews.com,https://www.foxnews.com/health/cosmetic-fillers-can-cause-deadly-complication-experts-warn-new-tech-exposes,91,3,keywords,general,
mysuncoast.com,https://www.mysuncoast.com/2025/09/23/deputy-involved-shooting-reported-punta-gorda/,50,3,keywords,general,
aad.org,https://www.aad.org/news/statement-on-fda-rf-microneedling-risks,73,3,keywords,news,
helloprfct.com,https://helloprfct.com/blogs/prfct-blog/all-about-microneedling-before-after-photos,24,3,keywords,blog,
deepbluemedspa.com,https://www.deepbluemedspa.com/injectables/lip-augmentation/,31,3,keywords,general,
forum.mndassociation.org,https://forum.mndassociation.org/forum/motor-neurone-disease-general-discussion/life-with-mnd/treatments-medication/110884-botox,42,3,keywords,forum,
curology.com,https://curology.com/blog/rose-water-for-your-face-benefits-with-ancient-roots/,58,3,keywords,blog,
abcnews.com,https://abcnews.com/US/young-people-fleeing-fillers-opting-face-lifts/story?id=117414918,84,3,keywords,general,
restonic.com,https://restonic.com/blog-es/dark-eye-circles-beauty-sleep-1307,33,3,keywords,general,
houzz.com,https://www.houzz.com/discussions/2144755/about-face-is-a-real-nice-rose-here,74,3,keywords,general,
news.sky.com,https://news.sky.com/story/its-the-wild-west-dozens-of-women-develop-botulism-linked-to-anti-wrinkle-injections-13401548,89,3,keywords,news,
forum.roseonlinegame.com,https://forum.roseonlinegame.com/forum/6-general-rose-discussions/page/6/,31,3,keywords,forum,
advancedorthopediccenter.com,https://www.advancedorthopediccenter.com/services/interventional-pain-management/,30,3,keywords,general,
theskincentermd.com,https://www.theskincentermd.com/treatment/lip-filler-pittsburgh/,36,3,keywords,general,
drsukkar.com,https://www.drsukkar.com/blog/lip-fillers-in-houston-tx-the-secret-to-juicy-lips/,40,3,keywords,blog,
app.acuityscheduling.com,https://app.acuityscheduling.com/schedule.php?owner=36369304,49,3,keywords,general,
abc10.com,https://www.abc10.com/video/entertainment/buzz60/this-trendy-facial-is-the-new-way-to-rose/83-2630158,58,3,keywords,general,
forum.mssociety.org.uk,https://forum.mssociety.org.uk/t/botox-for-cosmetic-reasons/70502,53,3,keywords,forum,
friederdermatology.com,https://friederdermatology.com/morpheous8-microneedling-boca-raton/,12,3,keywords,general,
news-medical.net,https://www.news-medical.net/news/20251016/FDA-shares-safety-guidance-for-people-considering-microneedling.aspx,73,3,keywords,news,
personalesthetics.com,https://personalesthetics.com/author/rosefigueroa/,11,3,keywords,general,
cosmeticamedspa.com,https://cosmeticamedspa.com/services/face/under-eye-filler-boca-raton-fl/,26,3,keywords,general,
medlineplus.gov,https://medlineplus.gov/botox.html,100,3,keywords,general,
bbc.co.uk,https://www.bbc.co.uk/news/uk-england-norfolk-65457473,100,3,keywords,news,
canvasrebel.com,https://canvasrebel.com/meet-victoria-rosas/,37,3,keywords,general,
health.ucdavis.edu,https://health.ucdavis.edu/news/headlines/fake-botox-sickens-people-in-9-states-including-california/2024/05,78,3,keywords,news,
greensboroplasticsurgery.com,https://greensboroplasticsurgery.com/non-surgical/lip-fillers/,20,2,keywords,general,
hesslerplasticsurgery.com,https://www.hesslerplasticsurgery.com/blog/first-time-lip-filler-guide-what-to-expect-before-during-and-after-treatment/,28,2,keywords,blog,
watkinsplasticsurgery.com,https://www.watkinsplasticsurgery.com/blog/botox-for-first-timers-heres-what-to-expect,20,2,keywords,blog,
rosebeautyskin.com,https://www.rosebeautyskin.com/,6,2,keywords,general,
modestoaestheticsandlaser.com,https://www.modestoaestheticsandlaser.com/morpheus8/,20,2,keywords,general,
thehelgemoteam.com,https://www.thehelgemoteam.com/blog/things-to-do-in-punta-gorda/,12,2,keywords,blog,
owndoc.community,https://www.owndoc.community/index.php?board=4.0,11,2,keywords,general,
ashleyroseesthetics.com,https://ashleyroseesthetics.com/bridal-%2B-skincare-tips,2,2,keywords,general,
awplasticsurgery.com,https://www.awplasticsurgery.com/blog/tales-from-the-chair-why-i-got-lip-injections/,25,2,keywords,blog,
heavenlyplasticsurgery.com,https://www.heavenlyplasticsurgery.com/photo-gallery/photo-gallery-face/lip-filler-gallery/,26,2,keywords,general,
findyourbeautiful.com,https://findyourbeautiful.com/blog/benefits-of-rose-petal-facials/,28,2,keywords,blog,
desiredmedicalsolutions.com,https://desiredmedicalsolutions.com/,8,2,keywords,general,
bawamedical.com,https://www.bawamedical.com/under-eye-rejuvenation/,25,2,keywords,general,
pranarom.us,https://pranarom.us/products/rose-regenerative-facial-oil-essential-oil-wellness-blend,30,2,keywords,general,
drgandolfi.com,https://www.drgandolfi.com/blog/lip-filler-swelling-stages-what-to-expect-day-by-day/,28,2,keywords,blog,
allureaestheticsllc.com,https://allureaestheticsllc.com/blog/lip-filler-guide/,25,2,keywords,blog,
beautywithamission.com,https://beautywithamission.com/pages/treatments/morpheus-8-body,13,2,keywords,general,
miamicenterfordermatology.com,https://miamicenterfordermatology.com/blog/morpheus-8-miami/,30,2,keywords,blog,
anausa.org,https://anausa.org/smf/index.php?topic=25751.0,28,2,keywords,forum,
llaestheticsmiami.com,https://www.llaestheticsmiami.com/dark-circles-under-eyes-treatment/,9,2,keywords,general,
newestbeginnings.com,https://newestbeginnings.com/under-eye-fillers-boca-raton-fl/,17,2,keywords,general,
evolon.forum,https://evolon.forum/,6,2,keywords,general,
hairtell.com,https://hairtell.com/forum/t/microneedling-is-it-really-best-skin-rejuvenation-method/57199,21,2,keywords,forum,
profferaesthetics.com,https://www.profferaesthetics.com/morpheus8,15,2,keywords,general,
dscmd.com,https://www.dscmd.com/blog/beyond-wrinkle-reduction-benefits-of-botox,19,2,keywords,blog,
amandaroseesthetic.com,https://amandaroseesthetic.com/blog,8,2,keywords,blog,
gotoxaesthetics.com,https://gotoxaesthetics.com/blog/,16,2,keywords,blog,
mygenics.net,https://mygenics.net/medical-weight-loss/,8,2,keywords,general,
skinwellnessflorida.com,https://www.skinwellnessflorida.com/blog/6-dos-and-donts-to-maximize-botox-results/,27,2,keywords,blog,
farmingtonderm.com,https://farmingtonderm.com/rejuvenate-your-skin-without-surgery-with-morpheus-8/,10,2,keywords,general,
roseaesthetics.la,https://www.roseaesthetics.la/,9,1,keywords,general,
marinamedispa.com,https://www.marinamedispa.com/blog/why-botox-should-be-part-of-your-beauty-routine,9,1,keywords,blog,
mainestayskincare.com,https://www.mainestayskincare.com/morpheous8,9,1,keywords,general,
victoriarosasesthetics.com,https://www.victoriarosasesthetics.com/,6,1,keywords,general,
glowumedspa.com,https://glowumedspa.com/treatments/prf-ez-gel-boca-raton/,9,1,keywords,general,
rosemedaesthetics.com,https://rosemedaesthetics.com/,9,1,keywords,general,
aqsurgery.com,https://aqsurgery.com/cosmetic-treatments/under-eye-rejuvenation/,9,1,keywords,general,
agelessmedicalaesthetics.com,https://www.agelessmedicalaesthetics.com/blog?cat=5727,9,1,keywords,general,
puntagordachiropractic.com,https://www.puntagordachiropractic.com/,9,1,keywords,general,
