Title,Slug,Kind,Parent,Provider,Price,Duration,Current Collection,Current Category (enum),Status,Target GG Category,Action / Notes
— CURRENT SANITY SERVICES (30) —,,,,,,,,,,,
Permanent Jewelry,permanent-jewelry,standalone,,Aundrea,From $45,15–30 minutes,Beauty & Enhancements,,,Permanent Jewelry,Reprice $45→$65 (GG); add material tiers ($60–$95); set provider Aundrea
Botox & Neurotoxins,injectables,treatment,injectables-bio-fillers,Diana,From $14/unit,30 minutes,Injectables & Aesthetics,,,Injectables & Bio-Fillers,Price fixed ✓; drop phantom 'Dysport' from copy; set provider Diana
Dermal Fillers,dermal-fillers,treatment,injectables-bio-fillers,Diana,From $650,45–60 minutes,Injectables & Aesthetics,,,Injectables & Bio-Fillers,Price fixed ✓; drop phantom 'Restylane' from copy
EZ Gel Bio-Filler,ez-gel-bio-filler,treatment,prf,Diana,From $699,75 minutes,Injectables & Aesthetics,,,Injectables & Bio-Fillers,NOT in GG; $699 unsourced — confirm price or drop
Injectables & Bio-Fillers,injectables-bio-fillers,hub,,Diana,,,Injectables & Aesthetics,,,Injectables & Bio-Fillers,Hub — becomes the collection landing
Acne Bootcamp — 12-Week Face Reality Program,acne-bootcamp,treatment,face-reality-acne-program,Amber,$899 program,12 weeks · biweekly,Skin Renewal,,,Acne Bootcamp,The ONE Face Reality service ($899 program); own program page
Acne Peel,acne-peel,treatment,face-reality-acne-program,Amber,From $139,60 minutes,Skin Renewal,,,(REMOVE),"REMOVE — Face Reality sold as $899 program only, not single peels"
Back Treatment — Acne & Texture,back-treatment,treatment,face-reality-acne-program,Amber,From $159,60 minutes,Skin Renewal,,,(REMOVE),REMOVE — not sold standalone
BioRePeel,biorepeel,hub,,Amber,From $295,45 minutes,Skin Renewal,,,Advanced Facials,NOT in GG yet — Amber adding; move to Advanced Facials
BioRePeel Advanced — Acne Scarring,biorepeel-advanced-acne-scarring,treatment,biorepeel,Amber,From $450,75 minutes,Skin Renewal,,,Advanced Facials,NOT in GG — Amber adding
BioRePeel Body,biorepeel-body,treatment,biorepeel,Amber,From $325 per zone,75 minutes,Skin Renewal,,,Advanced Facials,NOT in GG — Amber adding (body lane)
BioRePeel Duo — Gold Spot Upgrade,biorepeel-gold-spot-treatment,treatment,biorepeel,Amber,From $395,60 minutes,Skin Renewal,,,Advanced Facials,NOT in GG — Amber adding
Dermaplaning,dermaplaning,standalone,,Amber,From $135,50 minutes,Skin Renewal,,,Enhancements & Add-ons,Add-on ONLY per Amber (+$45 prep); Brandy may offer as a facial
Face Reality Acne Program,face-reality-acne-program,hub,,Amber,From $139,60 minutes,Skin Renewal,,,Acne Bootcamp,Hub → the $899 program page; fix 'From $139'→'$899 program'
Glo2Facial,glo2facial,standalone,,Amber,From $195,60 minutes,Skin Renewal,skin-renewal,live,Advanced Facials,Price fixed ✓; move Skin Renewal→Advanced Facials
Microchanneling & Microneedling,microchanneling-microneedling,hub,,Amber,,,Skin Renewal,,,Microchanneling & Microneedling,Hub → the collection landing
Microneedling — Body,microneedling-body,standalone,,Amber,From $325 per zone,60–90 minutes,Skin Renewal,skin-renewal,proposed,Microchanneling & Microneedling,NOT in GG — Amber adding (body)
Microneedling — Corrective,microneedling-corrective,standalone,,Amber,From $295,60–75 minutes,Skin Renewal,skin-renewal,proposed,Microchanneling & Microneedling,NOT in GG (GG has one $349 MD line) — reconcile
Neck & Décolleté Extension,neck-decollete-extension,standalone,,Amber,+$95,+20 minutes,Skin Renewal,skin-renewal,proposed,Enhancements & Add-ons,"Add-on, not standalone"
PRF Body Treatments,prf-body-treatments,treatment,prf,Amber,From $475 per zone,90 minutes,Skin Renewal,,,Skin Renewal,NOT in GG — Amber adding (body); topical PRF (Amber)
PRF Skin Texture & Tightening,prf-microneedling,treatment,prf,Amber,From $425,90 minutes,Skin Renewal,,,Skin Renewal,GG = 'PRF Skin Renewal' $450 — reconcile $425→$450
PRF — Platelet-Rich Fibrin,prf,hub,,Amber,,,Skin Renewal,,,Skin Renewal,Hub (Amber topical PRF); keep injectable PRF under Diana
ProCell Microchanneling,microchanneling,treatment,microchanneling-microneedling,Amber,From $250,60–90 minutes,Skin Renewal,,,Microchanneling & Microneedling,GG = 'ProCell MD Microchanneling' $349 — reconcile $250 (Pro) vs $349 (MD)
ProCell Microchanneling — Body,procell-microchanneling-body,standalone,,Amber,From $349 per zone,60–75 minutes,Skin Renewal,skin-renewal,proposed,Microchanneling & Microneedling,NOT in GG — Amber adding (body)
Body Waxing,body-waxing,standalone,,Aundrea,From $28,10–45 min by zone,Waxing,beauty-enhancements,live,Waxing,Reprice to GG per-zone (Underarm $20…Full Leg $65); fix 'Rosé wax' copy
GLP-1 Weight Management,glp-1-weight-management,treatment,wellness,Diana,From $279/month,Ongoing program,Wellness & Restoration,,,Wellness & Restoration,Price fixed ✓ ($279; confirm vs COGS)
IV Hydration Therapy,iv-hydration-therapy,treatment,wellness,Diana,From $125,45–60 minutes,Wellness & Restoration,,,Wellness & Restoration,Price fixed ✓; split into 6 IVs + add-ons
Wellness,wellness,hub,,Diana,,,Wellness & Restoration,,,Wellness & Restoration,Hub → collection landing
Facial Waxing,facial-waxing,standalone,,Aundrea & Brandy,From $15,5–30 min by zone,(none),beauty-enhancements,live,Waxing,No collection set! Assign Waxing; providers Aundrea+Brandy
PRF Injections,prf-injections,treatment,prf,Diana,From $495,(unset),(none),injectables-bio-fillers,proposed,Injectables & Bio-Fillers,Price fixed ✓; no collection set — assign Injectables & Bio-Fillers
— IN GLOSSGENIUS BUT MISSING FROM SANITY (22) —,,,,,,,,,,,
Signature Rose Facial,,,,Aundrea,$80,30m,,,,Facials,CREATE — basic facial (Aundrea)
Luxe Rose Facial,,,,Aundrea,$120,1h,,,,Facials,CREATE — basic facial (Aundrea)
Royal Rose Facial,,,,Aundrea,$170,1h30,,,,Facials,CREATE — basic facial (Aundrea)
Lunch Time Glow,,,,Brandy,$100,30m,,,,Facials,CREATE — basic facial (Brandy)
Signature Facial,,,,Brandy,$120,45m,,,,Facials,CREATE — basic facial (Brandy)
Skin Reset Facial,,,,Brandy,$140,50m,,,,Facials,CREATE — basic facial (Brandy)
Mommy & Me Facial,,,,Brandy,$150,1h,,,,Facials,CREATE — basic facial (Brandy)
Sculpt & Lift Facial,,,,Brandy,$180,1h,,,,Facials,CREATE — basic facial (Brandy)
Luxury Facial,,,,Brandy,$200,1h15,,,,Facials,CREATE — basic facial (Brandy)
Glo2Facial + ProCell MD,,,,Amber,$475,1h30,,,,Advanced Facials,CREATE — GG advanced combo
Glo2Facial + ProCell Pro,,,,Amber,$525,1h30,,,,Advanced Facials,CREATE — GG advanced combo
Glo2Facial + PRF,,,,Amber,$595,1h30,,,,Advanced Facials,CREATE — GG advanced combo
GlowTox Facial,,,,Amber,$475,1h,,,,Advanced Facials,CREATE — GG (⚠ clinical review pending Diana/med-director)
PRF Skin Renewal,,,,Amber,$450,1h,,,,Skin Renewal,CREATE/RECONCILE with prf-microneedling
Lash Tint,,,,Aundrea,$25,20m,,,,Lash Services,CREATE — new lane
Lash Lift,,,,Aundrea,$65,40m,,,,Lash Services,CREATE — new lane
Lash Lift + Tint,,,,Aundrea,$85,1h,,,,Lash Services,CREATE — new lane
Everyday Makeup,,,,Aundrea,$30,25m,,,,Makeup,CREATE (or link makeup singleton)
Soft Glam / Event Makeup,,,,Aundrea,$80,45m,,,,Makeup,CREATE
Full Glam / Bridal Makeup,,,,Aundrea,$175,2h,,,,Makeup,CREATE
Enhancement — Lip,,,,,$7,10m,,,,Enhancements & Add-ons,CREATE — confirm what this is
Enhancement — Chin,,,,,$7,10m,,,,Enhancements & Add-ons,CREATE — confirm what this is
