Keyword,Volume,KD,CPC ($),Traffic Potential,Local Intent,Branded,Parent Topic
botox near me,85000,40,5.0,18000,True,True,botox near me
facial near me,77000,18,1.2,66000,True,False,facials near me
brazilian wax near me,51000,21,2.0,56000,True,False,waxing near me
laser hair removal near me,50000,6,4.0,53000,True,False,laser hair removal
iv therapy near me,48000,3,2.5,76000,True,False,iv therapy near me
med spa near me,30000,61,2.0,40000,True,False,med spa near me
lip filler near me,27000,0,2.0,30000,True,False,lip filler near me
hydrafacial near me,26000,0,1.6,54000,True,True,hydrafacial near me
microneedling near me,26000,45,1.8,4800,True,False,microneedling near me
dermaplaning near me,16000,0,1.4,7500,True,False,dermaplaning near me
prf under eyes,11000,0,1.7,5800,False,True,prf under eyes
medical spa near me,9000,64,1.9,70,True,False,top med spas near me
vampire facial near me,1800,0,1.4,40,True,False,prp facials near me
prf vs prp,1600,2,4.0,400,False,False,prf vs prp
what is prf,1500,2,0.2,1000,False,False,prf treatment
prf microneedling,1200,0,1.9,700,False,False,prf microneedling
prf hair restoration,700,3,2.5,800,False,True,prf hair treatment
prp facial near me,600,42,0.6,4400,True,False,prp
massage port charlotte,400,4,0.8,250,True,False,massage port charlotte
botox sarasota,350,49,3.0,350,True,True,elite medical spa
prf filler,300,0,1.8,250,False,False,prf filler
botox fort myers,200,0,4.0,450,True,True,botox in fort myers
med spa fort myers,200,4,2.0,200,True,False,med spa fort myers
botox venice fl,150,4,6.0,20,True,True,botox venice fl
medical spa fort myers,100,30,1.3,250,True,False,facial fort myers
massage punta gorda,100,0,0.5,50,True,False,massage punta gorda
botox port charlotte,90,0,4.5,10,True,True,botox port charlotte
medical spa sarasota,90,47,2.0,100,True,False,medical spa sarasota
med spa cape coral,80,30,1.7,200,True,False,refresh medical spa
weight loss punta gorda,80,,0.0,,,,
botox cape coral,60,39,5.0,400,True,True,skinspot
med spa sarasota,40,47,1.6,250,True,False,botox sarasota
laser hair removal port charlotte,30,,0.0,,,,
med spa venice fl,30,,0.0,,,,
botox punta gorda,20,,0.0,,,,
lip fillers port charlotte,10,,0.0,,,,
iv therapy port charlotte,10,,0.0,,,,
waxing port charlotte,10,,1.5,,True,False,
med spa punta gorda,0,,0.0,,,,
medspa punta gorda,0,,0.0,,,,
med spa port charlotte,0,,0.0,,,,
microneedling punta gorda,0,,0.0,,,,
botox north port,0,,0.0,,,,
sculptra punta gorda,0,,0.0,,,,
facials punta gorda,0,,0.0,,,,
botox punta gorda fl,0,,0.0,,,,
aesthetician punta gorda,0,,0.0,,,,
hydrafacial punta gorda,0,,0.0,,,,
skin care punta gorda,0,,0.0,,,,
dermal fillers punta gorda,0,,0.0,,,,
iv therapy punta gorda,0,,0.0,,,,
kybella punta gorda,0,,0.0,,,,
laser hair removal punta gorda,0,,0.0,,,,
ipl punta gorda,0,,0.0,,,,
facials port charlotte,0,,0.0,,,,
facial punta gorda,0,,0.0,,,,
brazilian wax port charlotte,0,,0.0,,,,
med spa north port fl,0,,0.0,,,,
