"Issue Name","Issue Type","Issue Priority","Current","Previous","Change","Change %","Added","New","Removed","Missing","Description","How To Fix","Help URL"
"Response Codes: Internal Redirection (3xx)","Warning","Low","1","10","-9","-90.000","0","1","0","10","Internal URLs which redirect to another URL. These will include server-side redirects, such as 301 or 302 redirects (and more). View URLs that link to redirects using the lower 'inlinks' tab and export them in bulk via 'Bulk Export > Response Codes > Internal > Redirection (3xx) inlinks'.","Ideally all internal links would be to canonical resolving URLs, and avoid linking to URLs that redirect. This reduces latency of redirect hops for users, and enhanced efficiency for search engines.",""
"Mobile: Content Not Sized Correctly","Issue","High","15","0","15","100.000","15","0","0","0","Pages with content that is smaller or larger than the viewport width, which means it may not render correctly on mobile devices. Lighthouse flags pages whose width isn't equal to the width of the viewport.","Follow best practices for responsive web design to ensure the page is mobile-friendly and will render correctly on mobile screens.",""
"Meta Description: Over 985 Pixels","Opportunity","Low","24","21","3","14.286","1","7","3","2","Pages which have meta descriptions over Google's estimated pixel length limit for snippets. Google snippet length is actually based upon pixels limits, rather than a character length. The SEO Spider tries to match the latest pixel truncation points in the SERPs, but it is an approximation and Google adjusts them frequently.","Write concise meta descriptions to ensure important words are not truncated in the search results, and not visible to users.",""
"H2: Multiple","Warning","Low","276","85","191","224.706","173","25","0","7","Pages which have multiple <h2>s. This is not an issue as HTML standards allow multiple <h2>'s when used in a logical hierarchical heading structure. However, this filter can help you quickly scan to review if they are used appropriately.","Ensure <h2>s are used in a logical hierarchical heading structure, and update where appropriate utilising the full heading rank between (h3 - h6) for additional headings.",""
"PageSpeed: Layout Shift Culprits","Opportunity","Medium","3","0","3","100.000","3","0","0","0","Pages that have layout shifts on DOM elements without any user interaction such as elements being added, removed, or their fonts changing as the page loads. Lighthouse will display elements contributing most to the CLS of the page and include a contribution score of each to help prioritise. Bulk export the pages and details of the layout shifts via 'Reports > PageSpeed > Layout Shift Culprits'.","Avoid sudden layout shifts to improve user-experience. Ensure images, ads, embeds and iframes have dimensions, avoid inserting new content above existing content or reserve space for them and preload key fonts.",""
"PageSpeed: Use Efficient Cache Lifetimes","Opportunity","Medium","277","0","277","100.000","252","25","0","0","Pages with resources that are not cached. HTTP caching can speed up your page load time on repeat visits. Bulk export the pages and resources via 'Reports > PageSpeed > Use Efficient Cache Lifetimes'.","Cache static resources using HTTP caching. A long cache lifetime can speed up repeat visits to pages.",""
"Security: Missing Secure Referrer-Policy Header","Warning","Low","1","0","1","100.000","0","1","0","0","URLs missing 'no-referrer-when-downgrade', 'strict-origin-when-cross-origin', 'no-referrer' or 'strict-origin' policies in the Referrer-Policy header. When using HTTPS, it's important that the URLs do not leak in non-HTTPS requests. This can expose users to 'man in the middle' attacks, as anyone on the network can view them.","Consider setting a referrer policy of strict-origin-when-cross-origin. It retains much of the referrer's usefulness, while mitigating the risk of leaking data cross-origins.",""
"Links: Non-Descriptive Anchor Text In Internal Outlinks","Opportunity","Low","1","0","1","100.000","0","1","0","0","Pages that have internal outlinks with anchor text that is not descriptive, such as 'click here' or 'learn more' based upon the preferences under 'Config > Spider > Preferences'. Anchor text is the visible text and words used in hyperlinks that provide users and search engines context about the content of the target page. Internal outlinks with non-descriptive anchor text can be seen in the 'Outlinks' tab, with the 'All Link Types' filter set to 'Hyperlinks', where the 'Anchor Text' column has words such as 'click here', or 'learn more'. Export in bulk via 'Bulk Export > Links > Non-Descriptive Anchor Text In Internal Outlinks'.","Review the non-descriptive anchor text in outlinks and where appropriate update them to include useful and descriptive anchor text to help provide context to both users and search engines.",""
"Images: Over 100 kB","Opportunity","Medium","79","83","-4","-4.819","0","5","0","9","Large images over a size threshold. Page speed is extremely important for users and SEO and often large resources such as images are one of the most common issues that slow down web pages. This filter simply acts as a general rule of thumb to help identify images that are fairly large in file size and may take longer to load. These should be considered for optimisation, alongside opportunities identified in the PageSpeed tab which uses the PSI API and Lighthouse to audit speed. This can help identify images that haven't been optimised in size, load offscreen, are unoptimised etc.","Uncompressed images bloat pages with unnecessary bytes, so ensure images are optimised with compression, properly scaled, and using the best image format to reduce file size where possible.",""
"H2: Non-Sequential","Warning","Low","165","167","-2","-1.198","0","0","1","1","Pages with an <h2> that is not the second heading level after the <h1> on the page. Heading elements should be in a logical sequentially-descending order. The purpose of heading elements is to convey the structure of the page and they should be in logical order from <h1> to <h6>, which helps navigating the page and users that rely on assistive technologies.","Ensure the <h2> is the second heading on the page. Headings should be in a logical sequential order from <h1> to <h6>. Review and update page heading levels so they are descending in order, for example the heading element following an <h1> should be an <h2>, rather than an <h3>.",""
"Content: Low Content Pages","Opportunity","Medium","88","170","-82","-48.235","0","3","75","10","Pages with a word count that is below the default 200 words. The word count is based upon the content area settings used in the analysis which can be configured via 'Config > Content > Area'. There isn't a minimum word count for pages in reality, but the search engines do require descriptive text to understand the purpose of a page. This filter should only be used as a rough guide to help identify pages that might be improved by adding more descriptive content in the context of the website and page's purpose. Some websites, such as ecommerce, will naturally have lower word counts, which can be acceptable if a products details can be communicated efficiently.","Consider including additional descriptive content to help the user and search engines better understand the page.",""
"Images: Missing Alt Text","Issue","Low","8","8","0","0.000","1","0","0","1","Images that have an alt attribute, but are missing alt text. Click the address of the image and then the 'Image Details' tab in the lower window pane to view which pages have the image on them, and are missing alt text. Images should have descriptive alternative text about its purpose, which helps the blind and visually impaired, and the search engines understand it and its relevance to the web page.","Include descriptive alt text for images to help users and the search engines understand them better. Where possible, decorative images should be provided using CSS background images or alternatively a null (empty) alt text should be provided (alt="""") so that they can be ignored by assistive technologies, such as screen readers.",""
"PageSpeed: Avoid Enormous Network Payloads","Opportunity","Medium","9","0","9","100.000","8","1","0","0","Pages with large network payloads that can reduce page speed. Large network payloads cost users real money and are highly correlated with long load times. Bulk export the pages and resources via 'Reports > PageSpeed > Avoid Enormous Network Payloads'.","Aim to keep your total byte size below 1,600 KiB. Defer requests until they're needed, optimise requests to be as small as possible, and cache requests.",""
"H1: Duplicate","Opportunity","Low","4","6","-2","-33.333","1","1","2","2","Pages which have duplicate <h1>s. It's important to have distinct, unique and useful main headings. If every page has the same <h1>, then it can make it more challenging for users and the search engines to understand one page from another.","Update duplicate <h1>s as necessary, so important pages contain a unique and descriptive <h1> for users and search engines.  If these are duplicate pages, then fix the duplicated pages by linking to a single version, and redirect or use canonicals where appropriate.",""
"Content: Readability Very Difficult","Opportunity","Low","2","1","1","100.000","0","1","0","0","Copy on the page is very difficult to read and best understood by university graduates according to the Flesch reading-ease score formula. Copy that has long sentences and uses complex words are generally harder to read and understand.","Consider improving the readability of copy for your target audience. Copy that uses shorter sentences with less complex words is often easier to read and understand.",""
"PageSpeed: LCP Request Discovery","Opportunity","Medium","12","0","12","100.000","10","2","0","0","Pages with a Largest Contentful Paint (LCP) request discovery that can be optimised. LCP request discovery is the process of finding the specific file or resource that's needed to display the main image on a web page. Lighthouse checks to see whether the LCP image is discoverable from the HTML, has fetchpriority=high and is not lazy loaded. Bulk export the pages and validations via 'Reports > PageSpeed > LCP Request Discovery'.","Optimise LCP by making the LCP image discoverable from the HTML immediately, using fetchpriority=high and avoiding lazy-loading.",""
"PageSpeed: Reduce Unused CSS","Opportunity","Medium","115","0","115","100.000","112","3","0","0","Pages with unused CSS that are larger than necessary in bytes and reducing page speed. Bulk export the pages and CSS via 'Reports > PageSpeed > Reduce Unused CSS'.","Remove dead rules from stylesheets to reduce unnecessary bytes consumed by network activity. Inline critical CSS and defer the loading of CSS not used for above the fold content to improve page load performance.",""
"Page Titles: Over 561 Pixels","Opportunity","Medium","1","2","-1","-50.000","0","0","1","0","Pages which have page titles over Google's estimated pixel length limit for titles in search results. Google snippet length is actually based upon pixels limits, rather than a character length. The SEO Spider tries to match the latest pixel truncation points in the SERPs, but it is an approximation and Google adjusts them frequently.","Write concise page titles to ensure important words are not truncated in the search results, not visible to users and potentially weighted less in scoring.",""
"PageSpeed: Reduce JavaScript Execution Time","Opportunity","Medium","1","0","1","100.000","1","0","0","0","Pages with average or slow JavaScript execution time (over 2 seconds). When JavaScript takes a long time to execute, it slows down page performance. Bulk export the pages and details via 'Reports > PageSpeed > Reduce JavaScript Execution Time'.","Consider reducing the time spent parsing, compiling and executing JS. Smaller JS payloads may help improve page load speed.",""
"PageSpeed: Minimize Main-Thread Work","Opportunity","Medium","1","0","1","100.000","1","0","0","0","Pages with average or slow execution timing on the main thread. The main thread of the renderer process typically handles most code that allows users to interact with a page. Lighthouse flags pages that keep the main thread busy for longer than 4 seconds during load. Bulk export the pages and details via 'Reports > PageSpeed > Minimize Main-Thread Work'.","Minimize main thread work by analysing the bottlenecks identified and find ways to defer or remove unnecessary work such as optimising resources.",""
"PageSpeed: Network Dependency Tree","Opportunity","Medium","277","0","277","100.000","252","25","0","0","Pages with a lot of latency on the critical path, caused by long chains and large resource download sizes. Additionally, pages with key requests that aren't yet prioritising fetch requests with link rel=preconnect to establish early connections to important third-party origins. Bulk export the pages and resources via 'Reports > PageSpeed > Network Dependency Tree' and selecting the appropriate report.","Avoid chaining critical requests by reducing the length of chains, reducing the download size of resources, or deferring the download of unnecessary resources to improve page load. Consider adding preconnect or dns-prefetch resource hints to establish early connections to important third-party origins. In general, try to use <link rel=""preload"">, as it's a more comprehensive performance tweak.",""
"Meta Description: Over 155 Characters","Opportunity","Low","22","17","5","29.412","2","9","4","2","Pages which have meta descriptions over the configured limit. Characters over this limit might be truncated in Google's search results.","Write concise meta descriptions to ensure important words are not truncated in the search results, and not visible to users.",""
"Content: Readability Difficult","Opportunity","Low","87","7","80","1142.857","80","4","4","0","Copy on the page is difficult to read and best understood by college graduates according to the Flesch reading-ease score formula. Copy that has long sentences and uses complex words are generally harder to read and understand.","Consider improving the readability of copy for your target audience. Copy that uses shorter sentences with less complex words is often easier to read and understand.",""
"Security: Missing X-Frame-Options Header","Warning","Low","321","306","15","4.902","4","35","0","24","URLs missing an X-Frame-Options response header with a 'DENY' or 'SAMEORIGIN' value. This instructs the browser not to render a page within a frame, iframe, embed or object. This helps avoid 'clickjacking' attacks, where your content is displayed on another web page that is controlled by an attacker.","To minimise security issues, the X-Frame-Options response header should be supplied with a 'DENY' or 'SAMEORIGIN' value.",""
"Meta Description: Below 70 Characters","Opportunity","Low","94","95","-1","-1.053","0","0","0","1","Pages which have meta descriptions below the configured limit. This isn't strictly an issue, but an opportunity. There is additional room to communicate benefits, USPs or call to actions.","Consider updating the meta description to take advantage of the space left to include additional benefits, USPs or call to actions to improve click through rates (CTR).",""
"Meta Description: Below 400 Pixels","Opportunity","Low","90","90","0","0.000","0","0","0","0","Pages which have meta descriptions much shorter than Google's estimated pixel length limit. This isn't necessarily an issue, but it does indicate there might be room to communicate benefits, USPs or call to actions.","Consider updating the meta description to take advantage of the space left to include additional benefits, USPs or call to actions to improve click through rates (CTR).",""
"Images: Missing Size Attributes","Opportunity","Low","8","8","0","0.000","1","0","0","1","Image elements without dimensions (width and height size attributes) specified in the HTML. This can cause large layout shifts as the page loads and be frustrating experience for users. It is one of the major reasons that contributes to a high Cumulative Layout Shift (CLS).","Define all image sizes as their native size using width and height attributes in the HTML. This allows the browser to calculate enough space for each image before it loads, avoiding large layout shifts.",""
"H2: Duplicate","Opportunity","Low","208","209","-1","-0.478","1","17","3","16","Pages which have duplicate <h2>s. It's important to have distinct, unique and useful pages. If every page has the same <h2>, then it can make it more challenging for users and the search engines to understand one page from another.","Update duplicate <h2>s as necessary, so important pages contain a unique and descriptive <h2> for users and search engines.  If these are duplicate pages, then fix the duplicated pages by linking to a single version, and redirect or use canonicals where appropriate.",""
"PageSpeed: Render Blocking Requests","Opportunity","Medium","277","0","277","100.000","252","25","0","0","Pages with resources that are blocking the first paint of the page. Lighthouse flags pages which have scripts that do not have defer or async attributes, and stylesheets without a disabled attribute, or media attribute that matches the device. Bulk export the pages and resources via 'Reports > PageSpeed > Render Blocking Requests'.","Reduce the impact of render-blocking URLs by inlining critical resources, deferring non-critical resources, and removing anything unused.",""
"Meta Description: Duplicate","Opportunity","Low","14","16","-2","-12.500","0","0","1","1","Pages which have duplicate meta descriptions. It's really important to have distinct and unique meta descriptions that communicate the benefits and purpose of each page. If they are duplicate or irrelevant, then they will be ignored by search engines in their snippets.","Update duplicate meta descriptions as necessary, so important pages contain a unique and descriptive title for users and search engines. If these are duplicate pages, then fix the duplicated pages by linking to a single version, and redirect or use canonicals where appropriate.",""
"PageSpeed: Legacy JavaScript","Opportunity","Medium","277","0","277","100.000","252","25","0","0","Pages with legacy JavaScript. Polyfills and transforms enable legacy browsers to use new JavaScript features. However, many aren't necessary for modern browsers. Bulk export the pages and JS via 'Reports > PageSpeed > Legacy JavaScript'.","For your bundled JavaScript, adopt a modern script deployment strategy using module/nomodule feature detection to reduce the amount of code shipped to modern browsers, while retaining support for legacy browsers.",""
"H2: Over 70 Characters","Opportunity","Low","3","3","0","0.000","0","0","0","0","Pages which have <h2>s over the configured limit. There is no hard limit for characters in an <h2>, however they should be clear and concise for users and long headings might be less helpful","Write concise <h2>s for users, including target keywords where natural for users - without keyword stuffing.",""
"PageSpeed: Improve Image Delivery","Opportunity","Medium","277","0","277","100.000","252","25","0","0","Pages where the download time of images can be reduced, improving the perceived load time of the page and Largest Contentful Paint (LCP). Bulk export the pages and images via 'Reports > PageSpeed > Improve Image Delivery'.","Optimise images using compression to reduce file size and so that the page loads faster. Use responsive images to reduce the image download size. Consider encoding JPEG and PNG images into new formats such as WebP which allow for greater compression to enable them to load faster and consume less data. Consider using MPEG4/WebM videos for animations and PNG/WebP for static images instead of GIF to save network bytes.",""
"Security: Missing X-Content-Type-Options Header","Warning","Low","1","0","1","100.000","0","1","0","0","URLs that are missing the 'X-Content-Type-Options' response header with a 'nosniff' value. In the absence of a MIME type, browsers may 'sniff' to guess the content type to interpret it correctly for users. However, this can be exploited by attackers who can try and load malicious code, such as JavaScript via an image they have compromised.","To minimise security issues, the X-Content-Type-Options response header should be supplied and set to 'nosniff'. This instructs browsers to rely only on the Content-Type header and block anything that does not match accurately. This also means the content-type set needs to be accurate.",""
"Directives: Noindex","Warning","High","1","1","0","0.000","0","0","0","0","URLs containing a 'noindex' directive in either a robots meta tag or X-Robots-Tag in the HTTP header. This instructs the search engines not to index the page. The page will still be crawled (to see the directive), but it will then be dropped from the index.","URLs with a 'noindex' should be reviewed carefully to ensure they are correct and shouldn't be indexed. If these pages should be indexed, then the 'noindex' directive should be removed.",""
"PageSpeed: Reduce Unused JavaScript","Opportunity","Medium","191","0","191","100.000","190","1","0","0","Pages with unused JavaScript that are larger than necessary in bytes and reducing page speed. Bulk export the pages and JavaScript via 'Reports > PageSpeed > Reduce Unused JavaScript'.","Remove unused JavaScript code to reduce unnecessary bytes consumed by network activity to improve page load performance.",""
"Security: Missing Content-Security-Policy Header","Warning","Low","1","0","1","100.000","0","1","0","0","URLs that are missing the Content-Security-Policy response header. This header allows a website to control which resources are loaded for a page. This policy can help guard against cross-site scripting (XSS) attacks that exploit the browser's trust of the content received from the server. The SEO Spider only checks for existence of the header, and does not interrogate the policies found within the header to determine whether they are well set-up for the website. This should be performed manually.","Set a strict Content-Security-Policy response header across all page to help mitigate cross site scripting (XSS) and data injection attacks.",""
"Response Codes: Internal Client Error (4xx)","Issue","High","0","4","-4","-100.000","0","0","4","0","Internal URLs with a client-side error. This indicates a problem occurred with the URL request and can include responses such as 400 bad request, 403 Forbidden, 404 Page Not Found, 410 Removed, 429 Too Many Requests and more. A 404 'Page Not Found' is the most common, and often referred to as a broken link. View URLs that link to errors using the lower 'inlinks' tab and export them in bulk via 'Bulk Export > Response Codes > Internal > Client Error (4xx) inlinks'.","All links on a website should ideally resolve to 200 'OK' URLs. Errors such as a 404 or 410 should be updated to their correct locations, removed and redirected where appropriate. A 403 forbidden error occurs when a web server denies access to the SEO Spider's request and can often be resolved by switching the user-agent to Chrome via 'Config > User-Agent' and crawling again.",""
"Page Titles: Duplicate","Opportunity","Medium","0","4","-4","-100.000","0","0","2","2","Pages which have duplicate page titles. It's really important to have distinct and unique page titles for every page. If every page has the same page title, then it can make it more challenging for users and the search engines to understand one page from another.","Update duplicate page titles as necessary, so each page contains a unique and descriptive title for users and search engines. If these are duplicate pages, then fix the duplicated pages by linking to a single version, and redirect or use canonicals where appropriate.",""
